Time_sec,P_deg,Q_deg,R_deg,Pdot_deg_per_sec,Qdot_deg_per_sec,Rdot_deg_per_sec,Vertical_speed_SI,Altitude_MSL_SI,Height_AGL_SI,alpha_deg,IAS0_knots,IAS1_knots,TAS_SI,Left_aileron_deg,Right_aileron_deg,Elevator_deg,Rudder_deg,Roll_deg,Pitch_deg,Yaw_deg
1119.3756103515625,0.15148228406906128,0.20860108733177185,-0.2716280221939087,-2.532484769821167,18.60955810546875,0.053035810589790344,-0.1671966165304184,85.52227020263672,85.5757827758789,2.1532201766967773,26.142635345458984,26.142635345458984,13.516120910644531,0.06519589573144913,-0.06519589573144913,1.366081714630127,2.2941184043884277,-0.3646728992462158,-0.9801710247993469,37.35689163208008
1119.3936767578125,0.14716283977031708,0.24930308759212494,-0.26925599575042725,-2.509307622909546,14.11490535736084,0.2172013819217682,-0.17537778615951538,85.51162719726562,85.56513214111328,2.15701961517334,26.16257667541504,26.16257667541504,13.524693489074707,0.06519589573144913,-0.06519589573144913,1.366081714630127,2.2941184043884277,-0.3624323904514313,-0.9769443869590759,37.35298156738281
1119.4090576171875,0.14150334894657135,0.2516171634197235,-0.2644505798816681,-2.3984692096710205,11.844502449035645,0.255057156085968,-0.18548443913459778,85.4982681274414,85.5517578125,2.1604204177856445,26.1825008392334,26.1825008392334,13.535399436950684,0.06519589573144913,-0.06519589573144913,1.366081714630127,2.2941184043884277,-0.35971400141716003,-0.9725952744483948,37.3481330871582
1119.4232177734375,0.13861267268657684,0.2341221421957016,-0.26085948944091797,-2.2807810306549072,11.226805686950684,0.1938842535018921,-0.1939476579427719,85.48689270019531,85.54037475585938,2.161944627761841,26.197437286376953,26.197437286376953,13.544476509094238,0.06519589573144913,-0.06519589573144913,1.366081714630127,2.2941184043884277,-0.357469379901886,-0.9690353870391846,37.34407424926758
1119.4417724609375,0.13763929903507233,0.21499115228652954,-0.2583669126033783,-2.2167022228240967,11.54443645477295,0.14473138749599457,-0.2016233652830124,85.4764175415039,85.52989959716797,2.1622910499572754,26.217334747314453,26.217334747314453,13.552801132202148,0.06519589573144913,-0.06519589573144913,1.366081714630127,2.2941184043884277,-0.35543087124824524,-0.9660199284553528,37.340389251708984
1119.4566650390625,0.137939915060997,0.19691312313079834,-0.2553194463253021,-2.252298593521118,12.814111709594727,0.16036266088485718,-0.21151471138000488,85.46270751953125,85.51618194580078,2.1614391803741455,26.237218856811523,26.237218856811523,13.56365966796875,0.06519589573144913,-0.06519589573144913,1.366081714630127,2.2941184043884277,-0.35276320576667786,-0.9624829292297363,37.33563232421875
1119.4713134765625,0.13933321833610535,0.18906810879707336,-0.25270968675613403,-2.2673611640930176,13.588404655456543,0.17058894038200378,-0.21931347250938416,85.45170593261719,85.50517272949219,2.159985303878784,26.25212287902832,26.25212287902832,13.57233715057373,0.06519589573144913,-0.06519589573144913,1.366081714630127,2.2941184043884277,-0.35060736536979675,-0.9597992300987244,37.331825256347656
1119.4898681640625,0.14119011163711548,0.18917882442474365,-0.2500331401824951,-2.317379951477051,14.536405563354492,0.17089056968688965,-0.2268638163805008,85.4408950805664,85.49435424804688,2.1580684185028076,26.271982192993164,26.271982192993164,13.580840110778809,0.06519589573144913,-0.06519589573144913,1.366081714630127,2.2941184043884277,-0.3484630584716797,-0.9572107195854187,37.3281364440918
1119.5047607421875,0.13657702505588531,0.05215925723314285,-0.24510106444358826,-2.2633934020996094,8.747635841369629,0.29529523849487305,-0.2362571656703949,85.42721557617188,85.48065948486328,2.1530094146728516,26.291824340820312,26.291824340820312,13.591562271118164,0.06519589573144913,-0.06519589573144913,1.3930505514144897,2.2941184043884277,-0.3457780182361603,-0.955625057220459,37.32353210449219
1119.5191650390625,0.13559281826019287,-0.04655669629573822,-0.24084536731243134,-2.1154699325561523,8.923364639282227,0.24305640161037445,-0.24365663528442383,85.41624450683594,85.46968841552734,2.1472954750061035,26.30669593811035,26.30669593811035,13.600133895874023,0.06519589573144913,-0.06519589573144913,1.4063152074813843,2.2941184043884277,-0.34367164969444275,-0.9559484720230103,37.31991958618164
1119.5377197265625,0.13313491642475128,-0.19591504335403442,-0.23716643452644348,-2.0408527851104736,5.933095932006836,0.22989225387573242,-0.25069761276245117,85.40564727783203,85.45909118652344,2.1398372650146484,26.326513290405273,26.326513290405273,13.608399391174316,0.06519589573144913,-0.06519589573144913,1.432397723197937,2.2941184043884277,-0.34166431427001953,-0.9581379890441895,37.316497802734375
1119.5528564453125,0.12346817553043365,-0.6739264130592346,-0.22852987051010132,-2.0438084602355957,-2.545754909515381,0.5290346145629883,-0.2596023678779602,85.39202117919922,85.44544982910156,2.1229329109191895,26.341365814208984,26.341365814208984,13.619009971618652,0.06519589573144913,-0.06519589573144913,1.5069403648376465,2.2941184043884277,-0.3391709327697754,-0.9680103659629822,37.31222915649414
1119.5687255859375,0.11960774660110474,-0.9518685340881348,-0.2214466631412506,-1.8584198951721191,0.7230175137519836,0.365764856338501,-0.26673227548599243,85.38091278076172,85.43433380126953,2.105844497680664,26.35620880126953,26.35620880126953,13.627650260925293,0.06519589573144913,-0.06519589573144913,1.5420300960540771,2.2941184043884277,-0.3372712731361389,-0.981028139591217,37.308902740478516
1119.5855712890625,0.12430572509765625,-1.1470454931259155,-0.2171090990304947,-1.8740993738174438,8.377063751220703,0.17449788749217987,-0.27408742904663086,85.36927032470703,85.42268371582031,2.0861306190490723,26.37598991394043,26.37598991394043,13.636706352233887,0.06519589573144913,-0.06519589573144913,1.5645740032196045,2.2941184043884277,-0.3352569043636322,-0.9983648061752319,37.3055305480957
1119.6021728515625,0.13319702446460724,-1.2704930305480957,-0.2148020714521408,-2.055994749069214,14.527618408203125,0.08536985516548157,-0.2817714512348175,85.3569107055664,85.41031646728516,2.0647661685943604,26.395753860473633,26.395753860473633,13.646323204040527,0.06519589573144913,-0.06519589573144913,1.58641517162323,2.2941184043884277,-0.3329882323741913,-1.019421100616455,37.30201721191406
1119.6190185546875,0.1450859010219574,-1.2829926013946533,-0.21341940760612488,-2.344893217086792,21.151199340820312,0.047599054872989655,-0.28922972083091736,85.34471893310547,85.39811706542969,2.0450615882873535,26.415504455566406,26.415504455566406,13.655805587768555,0.06519589573144913,-0.06519589573144913,1.5970648527145386,2.2941184043884277,-0.33056798577308655,-1.0411127805709839,37.298587799072266
1119.6407470703125,0.1579938530921936,-1.1831161975860596,-0.21296869218349457,-2.6850881576538086,27.206937789916992,-0.021394673734903336,-0.29669275879859924,85.33232116699219,85.38570404052734,2.028059959411621,26.430307388305664,26.430307388305664,13.665440559387207,0.06519589573144913,-0.06519589573144913,1.5970648527145386,2.2941184043884277,-0.3278903365135193,-1.0621914863586426,37.29511260986328
1119.6558837890625,0.1695743352174759,-0.9899181723594666,-0.21343281865119934,-3.1397573947906494,29.591768264770508,-0.04846291244029999,-0.3061780631542206,85.31629180908203,85.36966705322266,2.011359691619873,26.454957962036133,26.454957962036133,13.677882194519043,0.06519589573144913,-0.06519589573144913,1.5970648527145386,2.2941184043884277,-0.32414525747299194,-1.0861256122589111,37.290611267089844
1119.6744384765625,0.17626625299453735,-0.806506335735321,-0.21428681910037994,-3.2522852420806885,31.230283737182617,-0.06950046122074127,-0.31269583106040955,85.30509185791016,85.35845947265625,2.0036261081695557,26.474666595458984,26.474666595458984,13.686554908752441,0.06519589573144913,-0.06519589573144913,1.58641517162323,2.2941184043884277,-0.3214162588119507,-1.0997605323791504,37.28744888305664
1119.6927490234375,0.19615039229393005,-0.09038309752941132,-0.2200036346912384,-3.4622292518615723,49.52293014526367,-0.4776152968406677,-0.32059532403945923,85.29132080078125,85.34468078613281,2.0051748752593994,26.494356155395508,26.494356155395508,13.697189331054688,0.06519589573144913,-0.06519589573144913,1.4949133396148682,2.2941184043884277,-0.3177591860294342,-1.1069899797439575,37.28346633911133
1119.7098388671875,0.1986830234527588,0.2966763973236084,-0.22633740305900574,-3.8001091480255127,34.147483825683594,-0.17543171346187592,-0.3282911777496338,85.2776870727539,85.33103942871094,2.013397455215454,26.5140323638916,26.5140323638916,13.707655906677246,0.06519589573144913,-0.06519589573144913,1.4827251434326172,2.2941184043884277,-0.3139772117137909,-1.1045981645584106,37.27935028076172
1119.7237548828125,0.19124005734920502,0.4287147521972656,-0.22349996864795685,-3.789454460144043,22.805509567260742,0.3807751536369324,-0.3353741466999054,85.26493835449219,85.31827545166016,2.0221502780914307,26.533695220947266,26.533695220947266,13.717387199401855,0.06519589573144913,-0.06519589573144913,1.4827251434326172,2.2941184043884277,-0.31051933765411377,-1.0983775854110718,37.275455474853516
1119.7413330078125,0.1860719919204712,0.5083240866661072,-0.21664781868457794,-3.5573019981384277,21.2584171295166,0.48320063948631287,-0.34106379747390747,85.2545394897461,85.30787658691406,2.0290844440460205,26.548431396484375,26.548431396484375,13.725282669067383,0.06519589573144913,-0.06519589573144913,1.4703776836395264,2.2941184043884277,-0.3078131675720215,-1.091873288154602,37.272361755371094
1119.7572021484375,0.1795223206281662,0.5161207914352417,-0.20955248177051544,-3.4153618812561035,16.602327346801758,0.27853694558143616,-0.3481462001800537,85.24140930175781,85.29473114013672,2.036308765411377,26.56806755065918,26.56806755065918,13.735212326049805,0.06519589573144913,-0.06519589573144913,1.4703776836395264,2.2941184043884277,-0.3044861853122711,-1.0830552577972412,37.26858139038086
1119.7716064453125,0.17531587183475494,0.48165494203567505,-0.207376167178154,-3.2535462379455566,14.876986503601074,0.026350805535912514,-0.3544326424598694,85.22955322265625,85.28286743164062,2.040848731994629,26.587690353393555,26.587690353393555,13.744135856628418,0.06519589573144913,-0.06519589573144913,1.4703776836395264,2.2941184043884277,-0.3015751242637634,-1.0753775835037231,37.265228271484375
1119.7899169921875,0.17303723096847534,0.43960168957710266,-0.20711317658424377,-3.1903774738311768,14.787925720214844,0.0029518345836549997,-0.36004728078842163,85.21879577636719,85.27210235595703,2.04331374168396,26.602397918701172,26.602397918701172,13.752198219299316,0.06519589573144913,-0.06519589573144913,1.4703776836395264,2.2941184043884277,-0.29898008704185486,-1.0689671039581299,37.26222610473633
1119.8043212890625,0.17695999145507812,0.5353503227233887,-0.20609481632709503,-3.2702605724334717,22.288101196289062,0.10650097578763962,-0.36705833673477173,85.20513153076172,85.25843811035156,2.0464794635772705,26.621992111206055,26.621992111206055,13.762406349182129,0.06519589573144913,-0.06519589573144913,1.4452118873596191,2.2941184043884277,-0.29564523696899414,-1.0600734949111938,37.258384704589844
1119.8192138671875,0.17761409282684326,0.5543814301490784,-0.20339342951774597,-3.3243460655212402,19.70962905883789,0.23208975791931152,-0.372470498085022,85.19439697265625,85.24769592285156,2.0484583377838135,26.636682510375977,26.636682510375977,13.770392417907715,0.06519589573144913,-0.06519589573144913,1.4452118873596191,2.2941184043884277,-0.29299744963645935,-1.052394151687622,37.25538635253906
1119.8380126953125,0.17707706987857819,0.5538073778152466,-0.1986055225133896,-3.345055341720581,18.787363052368164,0.30522316694259644,-0.3779691457748413,85.18331909179688,85.23661041259766,2.049710512161255,26.656251907348633,26.656251907348633,13.77861213684082,0.06519589573144913,-0.06519589573144913,1.4452118873596191,2.2941184043884277,-0.29026880860328674,-1.0443476438522339,37.252357482910156
1119.8563232421875,0.1767726093530655,0.5443167090415955,-0.19360892474651337,-3.385113000869751,19.12680435180664,0.1722671091556549,-0.38476860523223877,85.16935729980469,85.22264099121094,2.050046443939209,26.675809860229492,26.675809860229492,13.788931846618652,0.06519589573144913,-0.06519589573144913,1.4452118873596191,2.2941184043884277,-0.28681814670562744,-1.0343892574310303,37.248634338378906
1119.8734130859375,0.1801079362630844,0.6093911528587341,-0.19162894785404205,-3.423879861831665,22.896404266357422,0.03524140268564224,-0.3912365734577179,85.15579223632812,85.20906829833984,2.050323247909546,26.69535255432129,26.69535255432129,13.798925399780273,0.06519589573144913,-0.06519589573144913,1.432397723197937,2.2941184043884277,-0.283423513174057,-1.0240131616592407,37.245059967041016
1119.8890380859375,0.1813458949327469,0.6336118578910828,-0.1908523440361023,-3.528862714767456,21.5856876373291,0.05605719983577728,-0.3971339464187622,85.1431655883789,85.19642639160156,2.0502524375915527,26.709999084472656,26.709999084472656,13.80819320678711,0.06519589573144913,-0.06519589573144913,1.432397723197937,2.2941184043884277,-0.28021928668022156,-1.0136593580245972,37.24175262451172
1119.9034423828125,0.181436687707901,0.6430985331535339,-0.18870817124843597,-3.586444139480591,21.195219039916992,0.17129215598106384,-0.40240663290023804,85.13166046142578,85.18490600585938,2.049720287322998,26.72951889038086,26.72951889038086,13.816618919372559,0.06519589573144913,-0.06519589573144913,1.432397723197937,2.2941184043884277,-0.27728670835494995,-1.0039352178573608,37.23874282836914
1119.9217529296875,0.18148061633110046,0.6482916474342346,-0.1856795698404312,-3.6004366874694824,21.260770797729492,0.19233757257461548,-0.40716585516929626,85.1210708618164,85.17431640625,2.0488109588623047,26.7441463470459,26.7441463470459,13.824345588684082,0.06519589573144913,-0.06519589573144913,1.432397723197937,2.2941184043884277,-0.2745867371559143,-0.9948576092720032,37.236000061035156
1119.9371337890625,0.18163752555847168,0.6582083106040955,-0.18163982033729553,-3.680936098098755,22.116119384765625,0.19161251187324524,-0.4130766987800598,85.10765838623047,85.16090393066406,2.0471014976501465,26.763641357421875,26.763641357421875,13.834107398986816,0.06519589573144913,-0.06519589573144913,1.432397723197937,2.2941184043884277,-0.271147221326828,-0.9832577705383301,37.23258590698242
1119.9520263671875,0.18223415315151215,0.6674954891204834,-0.17838998138904572,-3.701554536819458,22.409517288208008,0.18237675726413727,-0.4179190695285797,85.096435546875,85.14966583251953,2.045360565185547,26.778249740600586,26.778249740600586,13.842255592346191,0.06519589573144913,-0.06519589573144913,1.432397723197937,2.2941184043884277,-0.2682553231716156,-0.9733273983001709,37.22977066040039
1119.9693603515625,0.18310901522636414,0.6797881722450256,-0.17621196806430817,-3.7293572425842285,22.89253044128418,0.07553546130657196,-0.4225015640258789,85.08560180664062,85.13882446289062,2.0434634685516357,26.792850494384766,26.792850494384766,13.850101470947266,0.06519589573144913,-0.06519589573144913,1.432397723197937,2.2941184043884277,-0.26544642448425293,-0.9635438919067383,37.22708511352539
1119.9854736328125,0.18862426280975342,0.851039707660675,-0.17633765935897827,-3.8673970699310303,30.34535789489746,-0.07048101723194122,-0.4277065694332123,85.07303619384766,85.12625122070312,2.0431578159332275,26.81231117248535,26.81231117248535,13.859177589416504,0.06519589573144913,-0.06519589573144913,1.4063152074813843,2.2941184043884277,-0.26210665702819824,-0.9502725601196289,37.2239875793457
1120.0023193359375,0.19149832427501678,1.0008995532989502,-0.1762445718050003,-4.061567306518555,30.1420841217041,0.05035024508833885,-0.4324195683002472,85.0614013671875,85.11460876464844,2.04461669921875,26.822032928466797,26.822032928466797,13.867557525634766,0.06519589573144913,-0.06519589573144913,1.3930505514144897,2.2941184043884277,-0.25893309712409973,-0.9353852272033691,37.2210578918457
1120.0250244140625,0.1981658637523651,1.3882511854171753,-0.1759234517812729,-4.243632793426514,40.15752029418945,-0.03386588394641876,-0.4372185170650482,85.04928588867188,85.10247802734375,2.0508532524108887,26.841468811035156,26.841468811035156,13.876254081726074,0.06519589573144913,-0.06519589573144913,1.3385376930236816,2.2941184043884277,-0.2555314898490906,-0.914772093296051,37.218013763427734
1120.0401611328125,0.212284654378891,2.2496707439422607,-0.18068990111351013,-5.044555187225342,46.86857986450195,-0.27394479513168335,-0.4434799551963806,85.03304290771484,85.08622741699219,2.072772979736328,26.860891342163086,26.860891342163086,13.887853622436523,0.06519589573144913,-0.06519589573144913,1.2377617359161377,2.2941184043884277,-0.2505534887313843,-0.8713033199310303,37.21379089355469
1120.0582275390625,0.21621035039424896,2.8869009017944336,-0.182114839553833,-5.403287887573242,55.14674758911133,0.05949922278523445,-0.44750916957855225,85.02227783203125,85.07545471191406,2.0949108600616455,26.880300521850586,26.880300521850586,13.895478248596191,0.06519589573144913,-0.06519589573144913,1.146209478378296,2.2941184043884277,-0.24716606736183167,-0.8315986394882202,37.21084976196289
1120.0770263671875,0.19766086339950562,3.0994112491607666,-0.1729254424571991,-5.85237979888916,29.250747680664062,0.7999910116195679,-0.45215243101119995,85.009521484375,85.06269836425781,2.1220788955688477,26.89969253540039,26.89969253540039,13.904438018798828,0.06519589573144913,-0.06519589573144913,1.146209478378296,2.2941184043884277,-0.2433021068572998,-0.7771430611610413,37.20740509033203
1120.0933837890625,0.17776204645633698,3.111279249191284,-0.1566782146692276,-5.768090724945068,22.17464828491211,0.6554152369499207,-0.45676708221435547,84.99638366699219,85.04954528808594,2.146414279937744,26.909385681152344,26.909385681152344,13.913588523864746,0.06519589573144913,-0.06519589573144913,1.130504846572876,2.2941184043884277,-0.23966628313064575,-0.718794047832489,37.204071044921875
1120.1070556640625,0.16224509477615356,2.883655071258545,-0.15555907785892487,-4.208003520965576,7.50267219543457,-0.5413540005683899,-0.4605841636657715,84.98507690429688,85.0382308959961,2.160935878753662,26.92875862121582,26.92875862121582,13.921401977539062,0.06519589573144913,-0.06519589573144913,1.146209478378296,2.2941184043884277,-0.23683077096939087,-0.6702942848205566,37.20133972167969
1120.1256103515625,0.14604254066944122,2.5871834754943848,-0.1686418652534485,-4.906786918640137,5.675902366638184,-1.1207654476165771,-0.46362367272377014,84.9757308959961,85.02887725830078,2.1671321392059326,26.938440322875977,26.938440322875977,13.927831649780273,0.06519589573144913,-0.06519589573144913,1.1772410869598389,2.2941184043884277,-0.23467303812503815,-0.6335063576698303,37.198970794677734
1120.1468505859375,0.13726691901683807,2.0105364322662354,-0.17485515773296356,-4.896902084350586,6.759965896606445,0.3628070652484894,-0.46752673387527466,84.96321105957031,85.016357421875,2.1641194820404053,26.95295524597168,26.95295524597168,13.936420440673828,0.06519589573144913,-0.06519589573144913,1.2228267192840576,2.2941184043884277,-0.2318471521139145,-0.593229353427887,37.19557189941406
1120.1646728515625,0.23581573367118835,0.6245514750480652,-0.13016919791698456,0.27058523893356323,-13.275744438171387,3.0878233909606934,-0.47167348861694336,84.9491195678711,85.00225067138672,2.135040283203125,26.972299575805664,26.972299575805664,13.946078300476074,0.06519589573144913,-0.06519589573144913,1.3104294538497925,2.2941184043884277,-0.22737252712249756,-0.5714011788368225,37.19218063354492
1120.1856689453125,0.20171654224395752,0.43901970982551575,-0.09353399276733398,4.52830696105957,-32.1883544921875,0.5375913977622986,-0.4749072194099426,84.93746948242188,84.9905776977539,2.1086292266845703,26.991626739501953,26.991626739501953,13.954113006591797,0.06519589573144913,-0.06519589573144913,1.366081714630127,2.2941184043884277,-0.223628968000412,-0.56227046251297,37.19025421142578
1120.2022705078125,0.19625939428806305,0.2767050564289093,-0.1246011033654213,5.035140037536621,-26.37108039855957,-2.5364253520965576,-0.47846719622612,84.92391967773438,84.9770278930664,2.0780105590820312,27.01093864440918,27.01093864440918,13.963493347167969,0.06519589573144913,-0.06519589573144913,1.4063152074813843,2.2941184043884277,-0.21959632635116577,-0.5551665425300598,37.188018798828125
1120.2239990234375,0.20046448707580566,0.3786389231681824,-0.1621355265378952,5.12419319152832,-20.146305084228516,-1.5124915838241577,-0.48110610246658325,84.913330078125,84.9664306640625,2.057593584060669,27.02541732788086,27.02541732788086,13.970852851867676,0.06519589573144913,-0.06519589573144913,1.4063152074813843,2.2941184043884277,-0.21634270250797272,-0.5494109988212585,37.18556594848633
1120.2401123046875,0.19760705530643463,0.6091952323913574,-0.1623220443725586,4.810271263122559,-18.467845916748047,1.3389382362365723,-0.484354704618454,84.89961242675781,84.95269775390625,2.038001775741577,27.044708251953125,27.044708251953125,13.98040771484375,0.06519589573144913,-0.06519589573144913,1.4063152074813843,2.2941184043884277,-0.2120884358882904,-0.5378264784812927,37.181880950927734
1120.2584228515625,0.19130727648735046,0.7874142527580261,-0.1229015365242958,4.709756374359131,-18.739303588867188,2.975698471069336,-0.48661938309669495,84.88953399658203,84.94261169433594,2.0280168056488037,27.059165954589844,27.059165954589844,13.98742961883545,0.06519589573144913,-0.06519589573144913,1.4063152074813843,2.2941184043884277,-0.20900385081768036,-0.5260322690010071,37.17951965332031
1120.2769775390625,0.18613450229167938,0.7955241799354553,-0.08462519943714142,5.091899394989014,-26.034690856933594,0.7421064972877502,-0.48905301094055176,84.878173828125,84.93123626708984,2.0181851387023926,27.07361602783203,27.07361602783203,13.995338439941406,0.06519589573144913,-0.06519589573144913,1.432397723197937,2.2941184043884277,-0.2056451290845871,-0.5112107396125793,37.17767333984375
1120.2940673828125,0.1918317824602127,0.7851130962371826,-0.10919327288866043,5.379678249359131,-27.038225173950195,-2.518655776977539,-0.4913703501224518,84.86677551269531,84.91983795166016,2.00885272026062,27.088058471679688,27.088058471679688,14.003280639648438,0.06519589573144913,-0.06519589573144913,1.4452118873596191,2.2941184043884277,-0.20221392810344696,-0.4962265193462372,37.17588424682617
1120.3072509765625,0.1953907161951065,0.8353891968727112,-0.1503266543149948,4.987897872924805,-25.358356475830078,-1.68598210811615,-0.4933772087097168,84.85636138916016,84.90940856933594,2.001492500305176,27.102495193481445,27.102495193481445,14.01053237915039,0.06519589573144913,-0.06519589573144913,1.4452118873596191,2.2941184043884277,-0.19894717633724213,-0.481963187456131,37.173545837402344
1120.3253173828125,0.19092151522636414,0.8909849524497986,-0.1525796353816986,4.540344715118408,-24.668275833129883,1.1554032564163208,-0.4948440492153168,84.848388671875,84.90143585205078,1.9967886209487915,27.11211395263672,27.11211395263672,14.016083717346191,0.06519589573144913,-0.06519589573144913,1.4452118873596191,2.2941184043884277,-0.19642160832881927,-0.4703041613101959,37.171443939208984
1120.3411865234375,0.18462243676185608,1.0420782566070557,-0.11137232929468155,4.834360599517822,-23.03171157836914,2.8340752124786377,-0.4967457354068756,84.83753967285156,84.89057159423828,1.9929107427597046,27.126535415649414,27.126535415649414,14.023632049560547,0.06519589573144913,-0.06519589573144913,1.432397723197937,2.2941184043884277,-0.1930963695049286,-0.4521191120147705,37.16899108886719
1120.3553466796875,0.19015862047672272,1.433085322380066,-0.08172385394573212,5.692277431488037,-13.330448150634766,0.5832122564315796,-0.49831366539001465,84.82808685302734,84.88111114501953,1.994801640510559,27.14095115661621,27.14095115661621,14.03020191192627,0.06519589573144913,-0.06519589573144913,1.3796390295028687,2.2941184043884277,-0.19017280638217926,-0.4314236342906952,37.167457580566406
1120.3734130859375,0.21208228170871735,2.1939568519592285,-0.10545507818460464,5.896956443786621,9.52379322052002,-3.1122446060180664,-0.49963489174842834,84.8197021484375,84.87271881103516,2.0055832862854004,27.155359268188477,27.155359268188477,14.036014556884766,0.06519589573144913,-0.06519589573144913,1.2672333717346191,2.2941184043884277,-0.18733318150043488,-0.40427640080451965,37.16608810424805
1120.3892822265625,0.23800873756408691,3.3181557655334473,-0.16839703917503357,2.8131611347198486,19.74824333190918,-2.7708146572113037,-0.5012151002883911,84.80908966064453,84.86210632324219,2.034994602203369,27.164958953857422,27.164958953857422,14.043323516845703,0.06519589573144913,-0.06519589573144913,1.146209478378296,2.2941184043884277,-0.18323396146297455,-0.35123369097709656,37.16337585449219
1120.4031982421875,0.20861271023750305,3.5552337169647217,-0.16686706244945526,2.9741063117980957,-27.170764923095703,3.0808162689208984,-0.5024845004081726,84.79987335205078,84.85287475585938,2.0628514289855957,27.179353713989258,27.179353713989258,14.049606323242188,0.06519589573144913,-0.06519589573144913,1.1617884635925293,2.2941184043884277,-0.17972300946712494,-0.2956541180610657,37.160423278808594
1120.4215087890625,0.17168845236301422,3.437574863433838,-0.077302485704422,2.4177114963531494,-38.20680618286133,7.0848517417907715,-0.5034884810447693,84.79187774658203,84.8448715209961,2.0831384658813477,27.188945770263672,27.188945770263672,14.055000305175781,0.06519589573144913,-0.06519589573144913,1.1772410869598389,2.2941184043884277,-0.17715467512607574,-0.24667438864707947,37.158565521240234
1120.4368896484375,0.13323302567005157,2.851010799407959,0.03166418522596359,2.1035025119781494,-41.778228759765625,3.4069676399230957,-0.504636824131012,84.7815170288086,84.83450317382812,2.097504138946533,27.203327178955078,27.203327178955078,14.061946868896484,0.06519589573144913,-0.06519589573144913,1.2377617359161377,2.2941184043884277,-0.17454975843429565,-0.18965670466423035,37.158172607421875
1120.4520263671875,0.13928765058517456,2.208538055419922,-0.03636383265256882,6.8026123046875,-63.19257736206055,-9.560656547546387,-0.5054365396499634,84.77296447753906,84.82594299316406,2.097931385040283,27.21291160583496,27.21291160583496,14.067659378051758,0.06519589573144913,-0.06519589573144913,1.2961673736572266,2.2941184043884277,-0.17257700860500336,-0.15130473673343658,37.15822982788086
1120.4696044921875,0.14456966519355774,1.493577003479004,-0.17411839962005615,-1.5131092071533203,-23.444917678833008,-7.115224361419678,-0.5060747861862183,84.76468658447266,84.81765747070312,2.0869951248168945,27.222492218017578,27.222492218017578,14.073188781738281,0.06519589573144913,-0.06519589573144913,1.366081714630127,2.2941184043884277,-0.1703694611787796,-0.12474526464939117,37.1563835144043
1120.4915771484375,0.14081604778766632,0.9603392481803894,-0.22474141418933868,-2.1114885807037354,-6.873273849487305,1.0712281465530396,-0.5066407322883606,84.75523376464844,84.80818939208984,2.066514492034912,27.23685646057129,27.23685646057129,14.079524040222168,0.06519589573144913,-0.06519589573144913,1.3930505514144897,2.2941184043884277,-0.16787037253379822,-0.10436917096376419,37.152565002441406
1120.5084228515625,0.12064316868782043,0.8982193470001221,-0.08184105157852173,-5.14898157119751,29.63581085205078,10.784160614013672,-0.5071099996566772,84.74365234375,84.79660034179688,2.0404865741729736,27.25121307373047,27.25121307373047,14.087336540222168,0.06519589573144913,-0.06519589573144913,1.3930505514144897,2.2941184043884277,-0.16498135030269623,-0.08494455367326736,37.148902893066406
1120.5264892578125,0.13083645701408386,1.355196237564087,0.06972219049930573,-4.812228202819824,56.76362609863281,6.153415203094482,-0.5073089599609375,84.73491668701172,84.78785705566406,2.0288281440734863,27.265562057495117,27.265562057495117,14.093254089355469,0.06519589573144913,-0.06519589573144913,1.3385376930236816,2.2941184043884277,-0.16280154883861542,-0.06572031229734421,37.14897155761719
1120.5447998046875,0.22494781017303467,2.530073404312134,-0.0006405686726793647,3.4604787826538086,47.81456756591797,-11.112890243530273,-0.5073893666267395,84.7256851196289,84.77861785888672,2.0355677604675293,27.275123596191406,27.275123596191406,14.099519729614258,0.06519589573144913,-0.06519589573144913,1.1772410869598389,2.2941184043884277,-0.15941555798053741,-0.028394613415002823,37.14992904663086
1120.5618896484375,0.26372942328453064,3.4267325401306152,-0.20920400321483612,1.2186318635940552,20.78054428100586,-9.16123104095459,-0.5073297619819641,84.71646881103516,84.76939392089844,2.05772066116333,27.289461135864258,27.289461135864258,14.105731010437012,0.06519589573144913,-0.06519589573144913,1.1146750450134277,2.2941184043884277,-0.15476290881633759,0.028321506455540657,37.147579193115234
1120.5755615234375,0.2176937311887741,3.73329496383667,-0.26885828375816345,2.2810957431793213,-27.953147888183594,2.3414862155914307,-0.5071280598640442,84.70801544189453,84.76093292236328,2.082200288772583,27.299013137817383,27.299013137817383,14.111368179321289,0.06519589573144913,-0.06519589573144913,1.1146750450134277,2.2941184043884277,-0.15068715810775757,0.09067768603563309,37.14299774169922
1120.5933837890625,0.1650872826576233,3.7443368434906006,-0.1635037213563919,2.7474262714385986,-37.93403625488281,8.21240520477295,-0.5068502426147461,84.70137786865234,84.75428009033203,2.0999255180358887,27.308563232421875,27.308563232421875,14.11575698852539,0.06519589573144913,-0.06519589573144913,1.1146750450134277,2.2941184043884277,-0.14818938076496124,0.14230471849441528,37.139923095703125
1120.6077880859375,0.08965643495321274,2.738295793533325,-0.020320020616054535,-6.961236953735352,-12.787614822387695,7.9024224281311035,-0.5063155889511108,84.69290161132812,84.74579620361328,2.106045722961426,27.318111419677734,27.318111419677734,14.12131118774414,0.06519589573144913,-0.06519589573144913,1.2672333717346191,2.2941184043884277,-0.14620989561080933,0.19874505698680878,37.13827133178711
1120.6246337890625,0.11237425357103348,1.9742671251296997,0.07901117205619812,-6.285440921783447,12.700084686279297,3.9545345306396484,-0.5057289004325867,84.68621063232422,84.73909759521484,2.0969438552856445,27.327653884887695,27.327653884887695,14.125690460205078,0.06519589573144913,-0.06519589573144913,1.2961673736572266,2.2941184043884277,-0.14458806812763214,0.23048025369644165,37.13874053955078
1120.6424560546875,0.15460006892681122,1.4776346683502197,0.0008031608304008842,4.714674949645996,-27.35711097717285,-10.286932945251465,-0.5048802495002747,84.6785659790039,84.73145294189453,2.079456329345703,27.337194442749023,27.337194442749023,14.130731582641602,0.06519589573144913,-0.06519589573144913,1.3245532512664795,2.2941184043884277,-0.14226369559764862,0.2579670250415802,37.139644622802734
1120.6607666015625,0.16930833458900452,1.3495291471481323,-0.17292025685310364,-2.4224627017974854,14.047042846679688,-7.318726539611816,-0.5038073062896729,84.67066955566406,84.7235336303711,2.060323476791382,27.346731185913086,27.346731185913086,14.13597297668457,0.06519589573144913,-0.06519589573144913,1.3385376930236816,2.2941184043884277,-0.13935449719429016,0.2827388346195221,37.137786865234375
1120.6778564453125,0.15161563456058502,1.438903570175171,-0.21632038056850433,-8.045581817626953,45.259029388427734,2.2258458137512207,-0.502534806728363,84.6627426147461,84.71560668945312,2.0433146953582764,27.356264114379883,27.356264114379883,14.141264915466309,0.06519589573144913,-0.06519589573144913,1.3385376930236816,2.2941184043884277,-0.1363360434770584,0.3076980710029602,37.133846282958984
1120.6912841796875,0.12154953181743622,1.5800728797912598,-0.07083021104335785,-7.806637763977051,46.6461067199707,10.421319007873535,-0.5012041926383972,84.65550994873047,84.70835876464844,2.0313055515289307,27.365795135498047,27.365795135498047,14.146112442016602,0.06519589573144913,-0.06519589573144913,1.3385376930236816,2.2941184043884277,-0.13394612073898315,0.3329869210720062,37.13124084472656
1120.7093505859375,0.11410346627235413,1.6980417966842651,0.056665562093257904,-6.476330757141113,45.70592498779297,8.660515785217285,-0.5000671148300171,84.64993286132812,84.7027816772461,2.0245449542999268,27.375320434570312,27.375320434570312,14.149858474731445,0.06519589573144913,-0.06519589573144913,1.3385376930236816,2.2941184043884277,-0.13232757151126862,0.3547463119029999,37.131202697753906
1120.7254638671875,0.13756495714187622,1.731222152709961,0.10017680376768112,-2.996248960494995,35.046852111816406,-6.128792762756348,-0.49841737747192383,84.642578125,84.69541931152344,2.0167229175567627,27.384845733642578,27.384845733642578,14.154814720153809,0.06519589573144913,-0.06519589573144913,1.3523808717727661,2.2941184043884277,-0.1299849897623062,0.3850425183773041,37.13302993774414
1120.7391357421875,0.17374294996261597,1.6115150451660156,-0.08449959009885788,-2.142591714859009,17.27296257019043,-12.12014102935791,-0.4968302249908447,84.63616180419922,84.6889877319336,2.009136438369751,27.389604568481445,27.389604568481445,14.159151077270508,0.06519589573144913,-0.06519589573144913,1.3796390295028687,2.2941184043884277,-0.127358540892601,0.411329984664917,37.1330451965332
1120.7576904296875,0.17089436948299408,1.3151520490646362,-0.20006409287452698,-1.0160895586013794,-13.472482681274414,-4.958802223205566,-0.4953993260860443,84.63081359863281,84.68363952636719,1.9998100996017456,27.394365310668945,27.394365310668945,14.162768363952637,0.06519589573144913,-0.06519589573144913,1.432397723197937,2.2941184043884277,-0.12498337030410767,0.4307609796524048,37.13087844848633
1120.7728271484375,0.1304086148738861,0.9940152168273926,-0.19086216390132904,-5.447187423706055,10.839136123657227,5.7508225440979,-0.49334150552749634,84.62371063232422,84.67652130126953,1.9832369089126587,27.40388298034668,27.40388298034668,14.167604446411133,0.06519589573144913,-0.06519589573144913,1.4703776836395264,2.2941184043884277,-0.12227713316679001,0.4513658583164215,37.12689208984375
1120.7869873046875,0.10244312882423401,0.960655689239502,-0.028461897745728493,-8.236154556274414,43.281803131103516,10.98911190032959,-0.49157053232192993,84.6180419921875,84.67084503173828,1.9695171117782593,27.41339683532715,27.41339683532715,14.171490669250488,0.06519589573144913,-0.06519589573144913,1.4703776836395264,2.2941184043884277,-0.12050454318523407,0.4655363857746124,37.12525939941406
1120.8057861328125,0.10488700121641159,0.9967527985572815,0.11074262857437134,-4.893096446990967,37.506736755371094,7.844717025756836,-0.4898476302623749,84.61282348632812,84.66561126708984,1.9582842588424683,27.42290687561035,27.42290687561035,14.175085067749023,0.06519589573144913,-0.06519589573144913,1.4703776836395264,2.2941184043884277,-0.11898022145032883,0.4789314866065979,37.125953674316406
1120.8204345703125,0.14162299036979675,1.1443084478378296,0.07034404575824738,-3.951467514038086,46.43743133544922,-10.788468360900879,-0.4874725341796875,84.60601806640625,84.6588134765625,1.9469990730285645,27.432415008544922,27.432415008544922,14.179802894592285,0.06519589573144913,-0.06519589573144913,1.4703776836395264,2.2941184043884277,-0.11656957864761353,0.4985431730747223,37.128173828125
1120.8353271484375,0.17124336957931519,1.3906373977661133,-0.1130940243601799,-5.766759872436523,51.60464096069336,-11.412763595581055,-0.4855566918849945,84.60081481933594,84.65359497070312,1.942626714706421,27.437166213989258,27.437166213989258,14.183426856994629,0.06519589573144913,-0.06519589573144913,1.4452118873596191,2.2941184043884277,-0.11415412276983261,0.5170470476150513,37.12767791748047
1120.8538818359375,0.16508591175079346,1.5413241386413574,-0.21994271874427795,-7.911309719085693,45.92024612426758,-3.3513295650482178,-0.4835542142391205,84.59561157226562,84.64838409423828,1.9408130645751953,27.446666717529297,27.446666717529297,14.18705940246582,0.06519589573144913,-0.06519589573144913,1.4452118873596191,2.2941184043884277,-0.11156552284955978,0.5386607646942139,37.12493133544922
1120.8687744140625,0.12704388797283173,1.6484885215759277,-0.16189490258693695,-9.243474960327148,42.439781188964844,9.864859580993652,-0.48098257184028625,84.58924102783203,84.64200592041016,1.9403367042541504,27.451417922973633,27.451417922973633,14.19150447845459,0.06519589573144913,-0.06519589573144913,1.4452118873596191,2.2941184043884277,-0.10877832025289536,0.5678014159202576,37.121002197265625
1120.8856201171875,0.10097384452819824,1.5372816324234009,0.0019948487170040607,-8.19636058807373,36.98509216308594,10.251794815063477,-0.4788539409637451,84.584228515625,84.63697814941406,1.9386132955551147,27.460914611816406,27.460914611816406,14.195001602172852,0.06519589573144913,-0.06519589573144913,1.4703776836395264,2.2941184043884277,-0.10704854130744934,0.5907525420188904,37.119911193847656
1120.9019775390625,0.184581458568573,0.21739213168621063,0.16169904172420502,4.735986232757568,-49.8416748046875,6.739884853363037,-0.47636786103248596,84.57868194580078,84.63142395019531,1.9177669286727905,27.470407485961914,27.470407485961914,14.198878288269043,0.06519589573144913,-0.06519589573144913,1.5970648527145386,2.2941184043884277,-0.10428599268198013,0.601282000541687,37.12148666381836
1120.9237060546875,0.18762187659740448,-0.5816698670387268,0.08988319337368011,-5.192955017089844,10.302350997924805,-11.795570373535156,-0.47388049960136414,84.57340240478516,84.62613677978516,1.8871055841445923,27.47515296936035,27.47515296936035,14.202628135681152,0.06519589573144913,-0.06519589573144913,1.7173231840133667,2.2941184043884277,-0.10123421251773834,0.5961183905601501,37.12391662597656
1120.9481201171875,0.20198622345924377,-1.0091350078582764,-0.14488597214221954,2.1477935314178467,-17.298324584960938,-7.658063888549805,-0.470503568649292,84.5665283203125,84.61925506591797,1.8426076173782349,27.484642028808594,27.484642028808594,14.207618713378906,0.06519589573144913,-0.06519589573144913,1.7464896440505981,2.2941184043884277,-0.09690866619348526,0.5766779780387878,37.12288284301758
1120.9688720703125,0.1645905077457428,0.2059810906648636,-0.2028934359550476,5.8826518058776855,-12.893564224243164,2.4840455055236816,-0.4666813313961029,84.55891418457031,84.61162567138672,1.8222848176956177,27.498868942260742,27.498868942260742,14.2132568359375,0.06519589573144913,-0.06519589573144913,1.6278936862945557,2.2941184043884277,-0.09264925867319107,0.5714665055274963,37.11806869506836
1120.9688720703125,0.1645905077457428,0.2059810906648636,-0.2028934359550476,5.8826518058776855,-12.893564224243164,2.4840455055236816,-0.4666813313961029,84.55891418457031,84.61162567138672,1.8222848176956177,27.498868942260742,27.498868942260742,14.2132568359375,0.06519589573144913,-0.06519589573144913,1.6278936862945557,2.2941184043884277,-0.09264925867319107,0.5714665055274963,37.11806869506836
1120.9688720703125,0.1645905077457428,0.2059810906648636,-0.2028934359550476,5.8826518058776855,-12.893564224243164,2.4840455055236816,-0.4666813313961029,84.55891418457031,84.61162567138672,1.8222848176956177,27.498868942260742,27.498868942260742,14.2132568359375,0.06519589573144913,-0.06519589573144913,1.6278936862945557,2.2941184043884277,-0.09264925867319107,0.5714665055274963,37.11806869506836
1120.9688720703125,0.1645905077457428,0.2059810906648636,-0.2028934359550476,5.8826518058776855,-12.893564224243164,2.4840455055236816,-0.4666813313961029,84.55891418457031,84.61162567138672,1.8222848176956177,27.498868942260742,27.498868942260742,14.2132568359375,0.06519589573144913,-0.06519589573144913,1.6278936862945557,2.2941184043884277,-0.09264925867319107,0.5714665055274963,37.11806869506836
1120.9688720703125,0.1645905077457428,0.2059810906648636,-0.2028934359550476,5.8826518058776855,-12.893564224243164,2.4840455055236816,-0.4666813313961029,84.55891418457031,84.61162567138672,1.8222848176956177,27.498868942260742,27.498868942260742,14.2132568359375,0.06519589573144913,-0.06519589573144913,1.6278936862945557,2.2941184043884277,-0.09264925867319107,0.5714665055274963,37.11806869506836
1120.9688720703125,0.1645905077457428,0.2059810906648636,-0.2028934359550476,5.8826518058776855,-12.893564224243164,2.4840455055236816,-0.4666813313961029,84.55891418457031,84.61162567138672,1.8222848176956177,27.498868942260742,27.498868942260742,14.2132568359375,0.06519589573144913,-0.06519589573144913,1.6278936862945557,2.2941184043884277,-0.09264925867319107,0.5714665055274963,37.11806869506836
1120.9688720703125,0.1645905077457428,0.2059810906648636,-0.2028934359550476,5.8826518058776855,-12.893564224243164,2.4840455055236816,-0.4666813313961029,84.55891418457031,84.61162567138672,1.8222848176956177,27.498868942260742,27.498868942260742,14.2132568359375,0.06519589573144913,-0.06519589573144913,1.6278936862945557,2.2941184043884277,-0.09264925867319107,0.5714665055274963,37.11806869506836
1120.9688720703125,0.1645905077457428,0.2059810906648636,-0.2028934359550476,5.8826518058776855,-12.893564224243164,2.4840455055236816,-0.4666813313961029,84.55891418457031,84.61162567138672,1.8222848176956177,27.498868942260742,27.498868942260742,14.2132568359375,0.06519589573144913,-0.06519589573144913,1.6278936862945557,2.2941184043884277,-0.09264925867319107,0.5714665055274963,37.11806869506836
1120.9688720703125,0.1645905077457428,0.2059810906648636,-0.2028934359550476,5.8826518058776855,-12.893564224243164,2.4840455055236816,-0.4666813313961029,84.55891418457031,84.61162567138672,1.8222848176956177,27.498868942260742,27.498868942260742,14.2132568359375,0.06519589573144913,-0.06519589573144913,1.6278936862945557,2.2941184043884277,-0.09264925867319107,0.5714665055274963,37.11806869506836
1120.9688720703125,0.1645905077457428,0.2059810906648636,-0.2028934359550476,5.8826518058776855,-12.893564224243164,2.4840455055236816,-0.4666813313961029,84.55891418457031,84.61162567138672,1.8222848176956177,27.498868942260742,27.498868942260742,14.2132568359375,0.06519589573144913,-0.06519589573144913,1.6278936862945557,2.2941184043884277,-0.09264925867319107,0.5714665055274963,37.11806869506836
1120.9688720703125,0.1645905077457428,0.2059810906648636,-0.2028934359550476,5.8826518058776855,-12.893564224243164,2.4840455055236816,-0.4666813313961029,84.55891418457031,84.61162567138672,1.8222848176956177,27.498868942260742,27.498868942260742,14.2132568359375,0.06519589573144913,-0.06519589573144913,1.6278936862945557,2.2941184043884277,-0.09264925867319107,0.5714665055274963,37.11806869506836
1120.9893798828125,0.11675591766834259,0.9896600842475891,-0.01008378341794014,6.219363212585449,-21.94933319091797,11.855069160461426,-0.46343860030174255,84.5525131225586,84.60520935058594,1.8251965045928955,27.508350372314453,27.508350372314453,14.218012809753418,0.06519589573144913,-0.06519589573144913,1.58641517162323,2.2941184043884277,-0.08998794108629227,0.5869302153587341,37.115665435791016
1121.0050048828125,0.11032040417194366,1.2492833137512207,0.1855800449848175,8.080639839172363,-35.99343490600586,5.857367515563965,-0.46023112535476685,84.54624938964844,84.59893798828125,1.83414626121521,27.5178279876709,27.5178279876709,14.222640991210938,0.06519589573144913,-0.06519589573144913,1.58641517162323,2.2941184043884277,-0.08788378536701202,0.6116693615913391,37.11781692504883
1121.0194091796875,0.1496165245771408,1.1454250812530518,0.08347570896148682,8.55925178527832,-38.33777618408203,-14.197413444519043,-0.45777371525764465,84.54154205322266,84.5942153930664,1.8387959003448486,27.522565841674805,27.522565841674805,14.226116180419922,0.06519589573144913,-0.06519589573144913,1.607529878616333,2.2941184043884277,-0.08591919392347336,0.6307248473167419,37.120243072509766
1121.0391845703125,0.1601255238056183,0.8430893421173096,-0.11222115159034729,-7.5099358558654785,26.256887435913086,-11.164430618286133,-0.4554910361766815,84.53724670410156,84.58992004394531,1.8380922079086304,27.527301788330078,27.527301788330078,14.229281425476074,0.06519589573144913,-0.06519589573144913,1.6569689512252808,2.2941184043884277,-0.08363781869411469,0.6445354223251343,37.11979675292969
1121.0565185546875,0.20796430110931396,-0.46415573358535767,-0.20539523661136627,-3.3440802097320557,-15.274506568908691,0.947360634803772,-0.45231887698173523,84.53144836425781,84.58411407470703,1.8142153024673462,27.536773681640625,27.536773681640625,14.233576774597168,0.06519589573144913,-0.06519589573144913,1.7593992948532104,2.2941184043884277,-0.07946477830410004,0.6425126791000366,37.11616134643555
1121.0748291015625,0.13847917318344116,-0.5545112490653992,-0.05482817813754082,4.793198108673096,-46.03394317626953,14.22246265411377,-0.4495203197002411,84.52643585205078,84.57909393310547,1.7929954528808594,27.546241760253906,27.546241760253906,14.237353324890137,0.06519589573144913,-0.06519589573144913,1.7710556983947754,2.2941184043884277,-0.07661858946084976,0.6334811449050903,37.113670349121094
1121.0928955078125,0.11159665882587433,-0.45299145579338074,0.17665793001651764,7.264281272888184,-35.27614212036133,10.731181144714355,-0.4465687572956085,84.52118682861328,84.5738296508789,1.7745977640151978,27.55570411682129,27.55570411682129,14.241351127624512,0.06519589573144913,-0.06519589573144913,1.7710556983947754,2.2941184043884277,-0.07447146624326706,0.6244776844978333,37.11510467529297
1121.1099853515625,0.17071755230426788,0.39560937881469727,0.1492525339126587,8.486661911010742,6.772977828979492,-12.486719131469727,-0.44367924332618713,84.51602935791016,84.56866455078125,1.7711306810379028,27.56043815612793,27.56043815612793,14.245305061340332,0.06519589573144913,-0.06519589573144913,1.6569689512252808,2.2941184043884277,-0.0719759613275528,0.6261419057846069,37.11872482299805
1121.1234130859375,0.20065145194530487,1.0957814455032349,-0.1004491001367569,7.815177917480469,-17.35089683532715,-13.010869026184082,-0.4409727454185486,84.51117706298828,84.56380462646484,1.7799134254455566,27.569894790649414,27.569894790649414,14.24902629852295,0.06519589573144913,-0.06519589573144913,1.6178076267242432,2.2941184043884277,-0.06875677406787872,0.6406410336494446,37.11888122558594
1121.1414794921875,0.20886194705963135,1.8436863422393799,-0.21638940274715424,1.2048977613449097,27.237089157104492,-4.643637657165527,-0.4388616383075714,84.50737762451172,84.55999755859375,1.7959086894989014,27.57462501525879,27.57462501525879,14.251924514770508,0.06519589573144913,-0.06519589573144913,1.5069403648376465,2.2941184043884277,-0.06605715304613113,0.6619455814361572,37.11652374267578
1121.1573486328125,0.17905017733573914,2.3533599376678467,-0.17869755625724792,-0.2868613600730896,-0.9895820021629333,9.831985473632812,-0.43602895736694336,84.50231170654297,84.55492401123047,1.8229520320892334,27.5793514251709,27.5793514251709,14.25574779510498,0.06519589573144913,-0.06519589573144913,1.4827251434326172,2.2941184043884277,-0.06256842613220215,0.7013620734214783,37.112545013427734
1121.1712646484375,0.1260077953338623,2.519341230392456,-0.006900681648403406,4.795512676239014,-38.72383117675781,10.030028343200684,-0.4335293471813202,84.49791717529297,84.5505142211914,1.8469065427780151,27.58880615234375,27.58880615234375,14.259017944335938,0.06519589573144913,-0.06519589573144913,1.4827251434326172,2.2941184043884277,-0.06032942235469818,0.7409866452217102,37.1111946105957
1121.1895751953125,0.10856935381889343,2.5323402881622314,0.11910691112279892,5.147348880767822,-37.35091018676758,8.345523834228516,-0.4313145577907562,84.4941177368164,84.54671478271484,1.8656190633773804,27.593530654907227,27.593530654907227,14.26181697845459,0.06519589573144913,-0.06519589573144913,1.4703776836395264,2.2941184043884277,-0.05879147723317146,0.7767608761787415,37.11205291748047
1121.2039794921875,0.12315143644809723,2.380843162536621,0.14410652220249176,9.447979927062988,-52.28746032714844,-8.226659774780273,-0.42835134267807007,84.48921966552734,84.54179382324219,1.8847408294677734,27.598255157470703,27.598255157470703,14.265398025512695,0.06519589573144913,-0.06519589573144913,1.4703776836395264,2.2941184043884277,-0.05680413171648979,0.822321891784668,37.114952087402344
1121.2203369140625,0.15556813776493073,2.216625690460205,-0.060280732810497284,3.9678232669830322,-26.024965286254883,-14.736443519592285,-0.4259698688983917,84.4854507446289,84.53803253173828,1.8949494361877441,27.602977752685547,27.602977752685547,14.268139839172363,0.06519589573144913,-0.06519589573144913,1.4703776836395264,2.2941184043884277,-0.05478799343109131,0.855587899684906,37.11545181274414
1121.2388916015625,0.15007928013801575,2.054696559906006,-0.2257438749074936,5.99091100692749,-52.202613830566406,-5.193456649780273,-0.4232058823108673,84.48128509521484,84.53384399414062,1.9025113582611084,27.612424850463867,27.612424850463867,14.271169662475586,0.06519589573144913,-0.06519589573144913,1.4703776836395264,2.2941184043884277,-0.05234687030315399,0.8907619118690491,37.112709045410156
1121.2564697265625,0.1074020192027092,1.9027800559997559,-0.1605568528175354,4.0997090339660645,-47.987831115722656,12.547724723815918,-0.4199885427951813,84.4766845703125,84.52924346923828,1.9069247245788574,27.617145538330078,27.617145538330078,14.274506568908691,0.06519589573144913,-0.06519589573144913,1.4703776836395264,2.2941184043884277,-0.05008453503251076,0.927672803401947,37.10862731933594
1121.2747802734375,0.08205383270978928,1.807132601737976,0.0419442243874073,3.3721537590026855,-26.25979995727539,10.672025680541992,-0.4168572723865509,84.47247314453125,84.52501678466797,1.9084501266479492,27.62186622619629,27.62186622619629,14.277568817138672,0.06519589573144913,-0.06519589573144913,1.4703776836395264,2.2941184043884277,-0.04859643056988716,0.960600733757019,37.10777282714844
1121.2928466796875,0.08451447635889053,1.7744836807250977,0.20520912110805511,8.613840103149414,-45.4453010559082,5.898794174194336,-0.41350919008255005,84.46823120117188,84.52076721191406,1.9088237285614014,27.626585006713867,27.626585006713867,14.280664443969727,0.06519589573144913,-0.06519589573144913,1.4703776836395264,2.2941184043884277,-0.047178953886032104,0.9939185380935669,37.11027526855469
1121.3099365234375,0.13467471301555634,1.740595817565918,0.08675386756658554,7.522886276245117,-26.497732162475586,-14.973095893859863,-0.4101193845272064,84.46419525146484,84.51671600341797,1.9082642793655396,27.636022567749023,27.636022567749023,14.283628463745117,0.06519589573144913,-0.06519589573144913,1.4703776836395264,2.2941184043884277,-0.04523877426981926,1.026144027709961,37.1133918762207
1121.3231201171875,0.15637563169002533,1.7428169250488281,-0.1549711972475052,7.495248317718506,-44.20137405395508,-10.918145179748535,-0.40683454275131226,84.46050262451172,84.51301574707031,1.907576084136963,27.64073944091797,27.64073944091797,14.286346435546875,0.06519589573144913,-0.06519589573144913,1.4703776836395264,2.2941184043884277,-0.042767032980918884,1.0564576387405396,37.11244201660156
1121.3414306640625,0.1401582658290863,1.7336499691009521,-0.21895843744277954,3.0454070568084717,-29.70595932006836,0.546950101852417,-0.40424850583076477,84.45774841308594,84.51026153564453,1.9067708253860474,27.645456314086914,27.645456314086914,14.288384437561035,0.06519589573144913,-0.06519589573144913,1.4703776836395264,2.2941184043884277,-0.04089463874697685,1.0796538591384888,37.109745025634766
1121.3572998046875,0.0916491448879242,1.7450932264328003,-0.05699646472930908,5.674036979675293,-43.60942840576172,11.847879409790039,-0.40058499574661255,84.45405578613281,84.50655364990234,1.905907392501831,27.650171279907227,27.650171279907227,14.291131019592285,0.06519589573144913,-0.06519589573144913,1.4703776836395264,2.2941184043884277,-0.038984719663858414,1.112127423286438,37.10700988769531
1121.3712158203125,0.08006709814071655,1.7463560104370117,0.11386696994304657,4.991485595703125,-28.476749420166016,9.897025108337402,-0.3973413407802582,84.45098114013672,84.50347137451172,1.905013084411621,27.65488624572754,27.65488624572754,14.29343318939209,0.06519589573144913,-0.06519589573144913,1.4703776836395264,2.2941184043884277,-0.037727903574705124,1.1402547359466553,37.10760498046875
1121.3897705078125,0.08754265308380127,1.7723881006240845,0.20739632844924927,9.367521286010742,-42.45166015625,0.5416949391365051,-0.39444515109062195,84.44837188720703,84.5008544921875,1.9044636487960815,27.65960121154785,27.65960121154785,14.295394897460938,0.06519589573144913,-0.06519589573144913,1.4703776836395264,2.2941184043884277,-0.03661007434129715,1.16513991355896,37.110050201416016
1121.4049072265625,0.1394803375005722,1.9534661769866943,0.006234058178961277,9.047196388244629,-33.726951599121094,-15.375081062316895,-0.39051201939582825,84.44503021240234,84.49750518798828,1.9064314365386963,27.6643123626709,27.6643123626709,14.297930717468262,0.06519589573144913,-0.06519589573144913,1.4452118873596191,2.2941184043884277,-0.03450547531247139,1.2007546424865723,37.11223602294922
1121.4273681640625,0.14545847475528717,2.0136444568634033,-0.18001143634319305,6.7891459465026855,-41.81036376953125,-8.337342262268066,-0.38724106550216675,84.44242858886719,84.49488830566406,1.9088634252548218,27.6643123626709,27.6643123626709,14.299921035766602,0.06519589573144913,-0.06519589573144913,1.4452118873596191,2.2941184043884277,-0.03240685909986496,1.2313756942749023,37.11062240600586
1121.4447021484375,0.10630790144205093,1.9860142469406128,-0.18928265571594238,2.1247293949127197,-29.341691970825195,8.420079231262207,-0.3822832703590393,84.43875885009766,84.4912109375,1.9117218255996704,27.673736572265625,27.673736572265625,14.302742004394531,0.06519589573144913,-0.06519589573144913,1.4452118873596191,2.2941184043884277,-0.029803356155753136,1.2772626876831055,37.10573196411133
1121.4620361328125,0.06765375286340714,1.8147815465927124,0.021094778552651405,1.5620131492614746,-21.271272659301758,11.497323989868164,-0.3783658742904663,84.43609619140625,84.48854064941406,1.910672903060913,27.673736572265625,27.673736572265625,14.304802894592285,0.06519589573144913,-0.06519589573144913,1.4703776836395264,2.2941184043884277,-0.028513917699456215,1.3103549480438232,37.104454040527344
1121.4752197265625,0.039059337228536606,1.1047636270523071,0.20653022825717926,-7.465305805206299,15.70263957977295,9.844868659973145,-0.37436503171920776,84.43358612060547,84.48601531982422,1.8986917734146118,27.678447723388672,27.678447723388672,14.306775093078613,0.06519589573144913,-0.06519589573144913,1.58641517162323,2.2941184043884277,-0.02759810909628868,1.3338019847869873,37.10661315917969
1121.4932861328125,0.08741838485002518,0.4599900543689728,0.22874516248703003,-2.429048776626587,9.13304328918457,-8.871671676635742,-0.3712671995162964,84.43177032470703,84.48419952392578,1.8814032077789307,27.68315887451172,27.68315887451172,14.308234214782715,0.06519589573144913,-0.06519589573144913,1.6377856731414795,2.2941184043884277,-0.026560423895716667,1.3423539400100708,37.10979461669922
1121.5093994140625,0.12809430062770844,0.06388960778713226,-0.021334869787096977,-10.228601455688477,56.86704635620117,-13.471847534179688,-0.36696121096611023,84.4294204711914,84.4818344116211,1.8534159660339355,27.6878662109375,27.6878662109375,14.31020736694336,0.06519589573144913,-0.06519589573144913,1.6753238439559937,2.2941184043884277,-0.024285290390253067,1.3446968793869019,37.11149978637695
1121.5230712890625,0.14066778123378754,-0.1477237045764923,-0.15889479219913483,-2.3808979988098145,7.666244029998779,-4.011974334716797,-0.36307957768440247,84.42742156982422,84.47982788085938,1.8286526203155518,27.692575454711914,27.692575454711914,14.311948776245117,0.06519589573144913,-0.06519589573144913,1.6928126811981201,2.2941184043884277,-0.022007739171385765,1.3428937196731567,37.1097412109375
1121.5416259765625,0.10590869933366776,-0.017947474494576454,-0.12887023389339447,-9.480033874511719,49.37535095214844,8.11572551727295,-0.3597690761089325,84.42579650878906,84.47818756103516,1.8113874197006226,27.692575454711914,27.692575454711914,14.313421249389648,0.06519589573144913,-0.06519589573144913,1.6928126811981201,2.2941184043884277,-0.020340409129858017,1.3415297269821167,37.107608795166016
1121.5570068359375,0.06166006252169609,0.005944825708866119,0.11748015135526657,-10.951394081115723,63.064300537109375,12.754158973693848,-0.3552660644054413,84.42366790771484,84.47605895996094,1.790640950202942,27.697282791137695,27.697282791137695,14.315399169921875,0.06519589573144913,-0.06519589573144913,1.72500741481781,2.2941184043884277,-0.018710868433117867,1.3399618864059448,37.10769271850586
1121.5709228515625,0.07561899721622467,-0.11629141122102737,0.27014756202697754,9.995370864868164,-47.64215087890625,3.921130657196045,-0.35153332352638245,84.42196655273438,84.47434997558594,1.7748037576675415,27.70199203491211,27.70199203491211,14.317028999328613,0.06519589573144913,-0.06519589573144913,1.7530934810638428,2.2941184043884277,-0.01753886416554451,1.3382952213287354,37.11096954345703
1121.5970458984375,0.12305095046758652,-0.13763491809368134,0.1330071985721588,8.266583442687988,-25.59390640258789,-16.30970001220703,-0.34816262125968933,84.42047119140625,84.47284698486328,1.7622172832489014,27.706695556640625,27.706695556640625,14.318503379821777,0.06519589573144913,-0.06519589573144913,1.7653923034667969,2.2941184043884277,-0.016126196831464767,1.3366676568984985,37.114009857177734
1121.6190185546875,0.11964946240186691,-0.009282066486775875,-0.19601738452911377,-12.29898452758789,69.8144302368164,-7.00667142868042,-0.34186673164367676,84.41775512695312,84.47012329101562,1.7423241138458252,27.711400985717773,27.711400985717773,14.321260452270508,0.06519589573144913,-0.06519589573144913,1.7858481407165527,2.2941184043884277,-0.012616000138223171,1.3333648443222046,37.11213302612305
1121.6402587890625,0.07799775153398514,-0.0401366651058197,-0.13497716188430786,-9.814085006713867,43.38163375854492,12.35149097442627,-0.33662113547325134,84.4155502319336,84.4678955078125,1.7282390594482422,27.716106414794922,27.716106414794922,14.32357406616211,0.06519589573144913,-0.06519589573144913,1.8001055717468262,2.2941184043884277,-0.01023096777498722,1.3307890892028809,37.107791900634766
1121.6551513671875,0.03822882100939751,0.09495385736227036,0.16914601624011993,-7.799434185028076,49.24210739135742,12.756417274475098,-0.33160701394081116,84.41346740722656,84.46580505371094,1.7194347381591797,27.720808029174805,27.720808029174805,14.325800895690918,0.06519589573144913,-0.06519589573144913,1.8001055717468262,2.2941184043884277,-0.00901817437261343,1.330702781677246,37.10860824584961
1121.6739501953125,0.04436025395989418,0.21238380670547485,0.2984147071838379,-9.340863227844238,72.74702453613281,0.6495494842529297,-0.32812920212745667,84.41203308105469,84.46435546875,1.7157611846923828,27.72551155090332,27.72551155090332,14.327359199523926,0.06519589573144913,-0.06519589573144913,1.8001055717468262,2.2941184043884277,-0.008240662515163422,1.3324114084243774,37.112403869628906
1121.6951904296875,0.11683227121829987,0.2290729582309723,0.07473791390657425,-0.40961360931396484,20.879257202148438,-16.265121459960938,-0.3237839937210083,84.41024780273438,84.46256256103516,1.71235191822052,27.72551155090332,27.72551155090332,14.32932186126709,0.06519589573144913,-0.06519589573144913,1.8001055717468262,2.2941184043884277,-0.006425404455512762,1.3358603715896606,37.11616134643555
1121.7125244140625,0.11162859201431274,0.3635450601577759,-0.18008026480674744,-12.8862943649292,70.17367553710938,-6.958125114440918,-0.31893491744995117,84.40826416015625,84.4605712890625,1.7107691764831543,27.730215072631836,27.730215072631836,14.331528663635254,0.06519589573144913,-0.06519589573144913,1.8001055717468262,2.2941184043884277,-0.00372243276797235,1.3412823677062988,37.11439895629883
1121.7357177734375,0.07356487214565277,0.38057050108909607,-0.15691755712032318,-15.07936954498291,71.10882568359375,9.155301094055176,-0.31502565741539,84.40667724609375,84.45897674560547,1.7099145650863647,27.73491668701172,27.73491668701172,14.333313941955566,0.06519589573144913,-0.06519589573144913,1.8001055717468262,2.2941184043884277,-0.001956509193405509,1.346436619758606,37.11111068725586
1121.7567138671875,0.04028061032295227,0.339768648147583,0.1615298092365265,-6.178304672241211,34.68011474609375,12.532177925109863,-0.30985862016677856,84.40460205078125,84.45687866210938,1.7083936929702759,27.73961639404297,27.73961639404297,14.33568000793457,0.06519589573144913,-0.06519589573144913,1.8001055717468262,2.2941184043884277,-0.0005643951008096337,1.3532418012619019,37.111595153808594
1121.7718505859375,0.06705647706985474,0.3437810242176056,0.3010616600513458,0.8415745496749878,13.626728057861328,-4.281735420227051,-0.3052438199520111,84.40275573730469,84.45502471923828,1.7078372240066528,27.744314193725586,27.744314193725586,14.33780574798584,0.06519589573144913,-0.06519589573144913,1.8001055717468262,2.2941184043884277,0.000636587617918849,1.3601899147033691,37.11724853515625
1121.7901611328125,0.10961281508207321,0.41427820920944214,0.06803406774997711,-8.566352844238281,65.02464294433594,-17.982858657836914,-0.3019530773162842,84.40145111083984,84.45370483398438,1.7079046964645386,27.749013900756836,27.749013900756836,14.339329719543457,0.06519589573144913,-0.06519589573144913,1.8001055717468262,2.2941184043884277,0.0021789686288684607,1.3655047416687012,37.12007522583008
1121.8087158203125,0.13082921504974365,0.3507501184940338,-0.17813830077648163,-2.409510612487793,8.52020263671875,-8.619281768798828,-0.2980104684829712,84.39990234375,84.4521484375,1.7072868347167969,27.749013900756836,27.749013900756836,14.341156005859375,0.06519589573144913,-0.06519589573144913,1.8001055717468262,2.2941184043884277,0.004569612443447113,1.3718515634536743,37.11856460571289
1121.8262939453125,0.08875685930252075,0.36626386642456055,-0.19362308084964752,-7.479387283325195,27.02756690979004,6.532293319702148,-0.29405704140663147,84.39836120605469,84.45059967041016,1.7068880796432495,27.753713607788086,27.753713607788086,14.342988014221191,0.06519589573144913,-0.06519589573144913,1.8001055717468262,2.2941184043884277,0.00656448258087039,1.378292441368103,37.11466598510742
1121.8446044921875,0.044647809118032455,0.3557947278022766,0.04688224941492081,-2.7939157485961914,8.259592056274414,13.858866691589355,-0.2903497517108917,84.39692687988281,84.44915771484375,1.7064458131790161,27.75840950012207,27.75840950012207,14.344707489013672,0.06519589573144913,-0.06519589573144913,1.8001055717468262,2.2941184043884277,0.007624555844813585,1.3845367431640625,37.11349868774414
1121.8621826171875,0.02616794966161251,0.44713863730430603,0.26862186193466187,-11.510088920593262,71.49252319335938,9.758079528808594,-0.286525696516037,84.39546966552734,84.44769287109375,1.7063719034194946,27.75840950012207,27.75840950012207,14.34648323059082,0.06519589573144913,-0.06519589573144913,1.8001055717468262,2.2941184043884277,0.00841588620096445,1.3911665678024292,37.11668014526367
1121.8812255859375,0.0858611911535263,0.3926580548286438,0.20077022910118103,-1.2665436267852783,30.167978286743164,-15.484527587890625,-0.2828902006149292,84.39410400390625,84.44631958007812,1.7057995796203613,27.763107299804688,27.763107299804688,14.348170280456543,0.06519589573144913,-0.06519589573144913,1.8001055717468262,2.2941184043884277,0.009623638354241848,1.3976792097091675,37.121463775634766
1121.9024658203125,0.12863299250602722,0.3735488951206207,-0.10093174129724503,-0.7530490159988403,6.3470683097839355,-12.770092964172363,-0.27898919582366943,84.39265441894531,84.4448471069336,1.7053780555725098,27.767803192138672,27.767803192138672,14.349982261657715,0.06519589573144913,-0.06519589573144913,1.8001055717468262,2.2941184043884277,0.011854822747409344,1.404861330986023,37.12198257446289
1121.9246826171875,0.0844355970621109,0.46547454595565796,-0.21818341314792633,-15.014363288879395,73.65550994873047,1.2892584800720215,-0.27468252182006836,84.39107513427734,84.44326782226562,1.7051327228546143,27.772497177124023,27.772497177124023,14.351982116699219,0.06519589573144913,-0.06519589573144913,1.8001055717468262,2.2941184043884277,0.014262650161981583,1.4127367734909058,37.1179313659668
1121.9398193359375,0.04024776816368103,0.38598573207855225,0.03434709459543228,-6.375678062438965,28.21294403076172,14.33685302734375,-0.27022698521614075,84.38948059082031,84.44165802001953,1.7039077281951904,27.777193069458008,27.777193069458008,14.354039192199707,0.06519589573144913,-0.06519589573144913,1.8001055717468262,2.2941184043884277,0.015731986612081528,1.4207565784454346,37.115623474121094
1121.9578857421875,0.03299225866794586,0.39356252551078796,0.22951696813106537,-1.7771493196487427,12.367877960205078,11.793436050415039,-0.267220139503479,84.38842010498047,84.44058227539062,1.7035861015319824,27.777193069458008,27.777193069458008,14.355422019958496,0.06519589573144913,-0.06519589573144913,1.8001055717468262,2.2941184043884277,0.0163173358887434,1.4265830516815186,37.11780548095703
1121.9710693359375,0.05441499873995781,0.4779035747051239,0.2882453501224518,-7.403750419616699,64.92513275146484,-9.4544038772583,-0.263659805059433,84.3871841430664,84.43933868408203,1.70365309715271,27.781883239746094,27.781883239746094,14.357062339782715,0.06519589573144913,-0.06519589573144913,1.8001055717468262,2.2941184043884277,0.017280397936701775,1.4338154792785645,37.123191833496094
1121.9893798828125,0.1107521802186966,0.4238187074661255,0.06656364351511002,1.4447050094604492,6.059680938720703,-17.553499221801758,-0.2610815763473511,84.38629913330078,84.4384536743164,1.70351243019104,27.781883239746094,27.781883239746094,14.358243942260742,0.06519589573144913,-0.06519589573144913,1.8001055717468262,2.2941184043884277,0.0185430645942688,1.4394166469573975,37.12545394897461
1122.0050048828125,0.1087263897061348,0.5296118855476379,-0.17085878551006317,-12.677943229675293,69.04695892333984,-8.147727966308594,-0.2575259208679199,84.3851089477539,84.437255859375,1.7041898965835571,27.786577224731445,27.786577224731445,14.359871864318848,0.06519589573144913,-0.06519589573144913,1.7935450077056885,2.2941184043884277,0.020751748234033585,1.4475150108337402,37.1240119934082
1122.0189208984375,0.08225376158952713,0.6050655245780945,-0.17899149656295776,-6.195583820343018,23.76971435546875,6.588603496551514,-0.2545163035392761,84.38411712646484,84.43624877929688,1.7061814069747925,27.791269302368164,27.791269302368164,14.361242294311523,0.06519589573144913,-0.06519589573144913,1.7763699293136597,2.2941184043884277,0.022250119596719742,1.4561665058135986,37.12099838256836
1122.0372314453125,0.03287991136312485,0.9132047891616821,0.009966720826923847,-13.568607330322266,79.63903045654297,13.627381324768066,-0.25185418128967285,84.38325500488281,84.43537902832031,1.7110806703567505,27.791269302368164,27.791269302368164,14.362445831298828,0.06519589573144913,-0.06519589573144913,1.7396001815795898,2.2941184043884277,0.02306627295911312,1.4665776491165161,37.11989974975586
1122.0526123046875,0.027907844632864,1.035470962524414,0.23269663751125336,-2.139333963394165,17.560684204101562,10.819531440734863,-0.24837425351142883,84.38215637207031,84.43427276611328,1.7195014953613281,27.79595947265625,27.79595947265625,14.363991737365723,0.06519589573144913,-0.06519589573144913,1.7324362993240356,2.2941184043884277,0.02370673418045044,1.4844170808792114,37.12240982055664
1122.0687255859375,0.05854065343737602,1.1407710313796997,0.2517762780189514,1.462947130203247,15.901725769042969,-11.019241333007812,-0.24546504020690918,84.38127136230469,84.4333724975586,1.7273144721984863,27.79595947265625,27.79595947265625,14.36525821685791,0.06519589573144913,-0.06519589573144913,1.7173231840133667,2.2941184043884277,0.024450598284602165,1.5013149976730347,37.126644134521484
1122.0855712890625,0.10656684637069702,1.1389193534851074,-0.014938674867153168,-3.6579413414001465,28.285551071166992,-16.067750930786133,-0.24242474138736725,84.38037872314453,84.4324722290039,1.7345538139343262,27.800649642944336,27.800649642944336,14.366548538208008,0.06519589573144913,-0.06519589573144913,1.7173231840133667,2.2941184043884277,0.025956934317946434,1.5195947885513306,37.12840270996094
1122.1021728515625,0.10866837203502655,1.0476405620574951,-0.19370333850383759,-1.9907876253128052,-0.978520393371582,-5.1923699378967285,-0.23924855887889862,84.37950134277344,84.43158721923828,1.7399871349334717,27.800649642944336,27.800649642944336,14.367855072021484,0.06519589573144913,-0.06519589573144913,1.7173231840133667,2.2941184043884277,0.02779516391456127,1.5378994941711426,37.12623977661133
1122.1236572265625,0.05322807654738426,1.0541166067123413,-0.1265883594751358,-16.12649154663086,68.13574981689453,14.69773006439209,-0.2361161857843399,84.37869262695312,84.4307632446289,1.7436879873275757,27.80533790588379,27.80533790588379,14.369099617004395,0.06519589573144913,-0.06519589573144913,1.7173231840133667,2.2941184043884277,0.02918012998998165,1.554648756980896,37.1231803894043
1122.1400146484375,0.037423163652420044,0.7584055662155151,0.16505809128284454,0.9264019727706909,-12.31585693359375,12.266963005065918,-0.23205502331256866,84.37773132324219,84.42979431152344,1.7431718111038208,27.80533790588379,27.80533790588379,14.370651245117188,0.06519589573144913,-0.06519589573144913,1.7324362993240356,2.2941184043884277,0.030175186693668365,1.5726808309555054,37.1240234375
1122.1588134765625,0.04462222009897232,0.5636845231056213,0.31261035799980164,0.9228352308273315,-1.5574618577957153,2.23287296295166,-0.22895531356334686,84.37705993652344,84.42911529541016,1.7397321462631226,27.810028076171875,27.810028076171875,14.371794700622559,0.06519589573144913,-0.06519589573144913,1.7593992948532104,2.2941184043884277,0.0308988094329834,1.583164095878601,37.12827682495117
1122.1766357421875,0.11071594804525375,0.34324631094932556,0.09099374711513519,3.713324785232544,-10.539786338806152,-17.19135284423828,-0.22538639605045319,84.3763656616211,84.42841339111328,1.7326136827468872,27.810028076171875,27.810028076171875,14.373080253601074,0.06519589573144913,-0.06519589573144913,1.7763699293136597,2.2941184043884277,0.03247902914881706,1.5913912057876587,37.13240432739258
1122.1942138671875,0.13229909539222717,0.1805112361907959,-0.14736796915531158,-1.2668331861495972,1.2331576347351074,-8.840169906616211,-0.22200030088424683,84.37576293945312,84.42779541015625,1.7235527038574219,27.814716339111328,27.814716339111328,14.374277114868164,0.06519589573144913,-0.06519589573144913,1.789943814277649,2.2941184043884277,0.0347251296043396,1.5956134796142578,37.13146209716797
1122.2132568359375,0.07851661741733551,0.24101051688194275,-0.17179028689861298,-16.265893936157227,78.8465347290039,5.429393768310547,-0.21866510808467865,84.37522888183594,84.42725372314453,1.7152998447418213,27.819400787353516,27.819400787353516,14.375439643859863,0.06519589573144913,-0.06519589573144913,1.8001055717468262,2.2941184043884277,0.03662273287773132,1.5983976125717163,37.12826919555664
1122.2357177734375,0.0383945032954216,0.23153208196163177,0.08516404032707214,-6.92921257019043,35.88372802734375,14.068791389465332,-0.21506495773792267,84.37470245361328,84.42671203613281,1.7075939178466797,27.819400787353516,27.819400787353516,14.376679420471191,0.06519589573144913,-0.06519589573144913,1.8001055717468262,2.2941184043884277,0.03779574856162071,1.6017515659332275,37.12751770019531
1122.2564697265625,0.04077839478850365,0.32167813181877136,0.33856111764907837,-0.10147257894277573,13.545751571655273,6.26285457611084,-0.21084336936473846,84.37413787841797,84.42613983154297,1.7021387815475464,27.82408905029297,27.82408905029297,14.378116607666016,0.06519589573144913,-0.06519589573144913,1.8001055717468262,2.2941184043884277,0.03875262290239334,1.607893943786621,37.13286590576172
1122.2716064453125,0.09623464196920395,0.46716272830963135,0.12504646182060242,-7.689103126525879,65.39079284667969,-18.506515502929688,-0.20697052776813507,84.3736801147461,84.42566680908203,1.6997536420822144,27.82408905029297,27.82408905029297,14.379423141479492,0.06519589573144913,-0.06519589573144913,1.8001055717468262,2.2941184043884277,0.040493182837963104,1.61540949344635,37.13835144042969
1122.2904052734375,0.11573164165019989,0.48476773500442505,-0.11334224790334702,-10.314924240112305,59.84416198730469,-12.204021453857422,-0.20416367053985596,84.37337493896484,84.42535400390625,1.6988449096679688,27.828773498535156,27.828773498535156,14.380359649658203,0.06519589573144913,-0.06519589573144913,1.8001055717468262,2.2941184043884277,0.042295124381780624,1.6218827962875366,37.138126373291016
1122.3087158203125,0.0813317522406578,0.5310162305831909,-0.21381926536560059,-15.720967292785645,77.76611328125,1.0481863021850586,-0.20069749653339386,84.37303161621094,84.42500305175781,1.6980814933776855,27.828773498535156,27.828773498535156,14.381500244140625,0.06519589573144913,-0.06519589573144913,1.8001055717468262,2.2941184043884277,0.04431859403848648,1.630106806755066,37.13456726074219
1122.3260498046875,0.03955606371164322,0.4656102955341339,-0.0065436093136668205,-7.052289009094238,28.648073196411133,14.845051765441895,-0.1973426789045334,84.37274932861328,84.42469787597656,1.6970746517181396,27.828773498535156,27.828773498535156,14.382583618164062,0.06519589573144913,-0.06519589573144913,1.8001055717468262,2.2941184043884277,0.045476801693439484,1.6382449865341187,37.1323356628418
1122.3446044921875,0.025953035801649094,0.4709073007106781,0.22488169372081757,-1.0893547534942627,7.568643093109131,12.124448776245117,-0.19418580830097198,84.37251281738281,84.42445373535156,1.6966845989227295,27.828773498535156,27.828773498535156,14.383587837219238,0.06519589573144913,-0.06519589573144913,1.8001055717468262,2.2941184043884277,0.046052299439907074,1.64630126953125,37.13450241088867
1122.3624267578125,0.04106258228421211,0.5731263160705566,0.3129953145980835,-9.767745018005371,77.90476989746094,-7.666068077087402,-0.19082607328891754,84.37229919433594,84.42424011230469,1.6968075037002563,27.828773498535156,27.828773498535156,14.38464069366455,0.06519589573144913,-0.06519589573144913,1.8001055717468262,2.2941184043884277,0.046900924295186996,1.655174970626831,37.14019775390625
1122.3804931640625,0.11427734047174454,0.4926442801952362,0.022665437310934067,-1.9921108484268188,22.59899139404297,-16.95500373840332,-0.18761774897575378,84.37213897705078,84.42405700683594,1.6963067054748535,27.83814239501953,27.83814239501953,14.38563060760498,0.06519589573144913,-0.06519589573144913,1.8001055717468262,2.2941184043884277,0.048631977289915085,1.663802981376648,37.14310836791992
1122.4024658203125,0.1137152686715126,0.48161935806274414,-0.18547232449054718,-2.2891476154327393,4.689949035644531,-6.035946369171143,-0.184383362531662,84.37200927734375,84.42391967773438,1.6960875988006592,27.83814239501953,27.83814239501953,14.386612892150879,0.06519589573144913,-0.06519589573144913,1.8001055717468262,2.2941184043884277,0.05072488263249397,1.672594666481018,37.141151428222656
1122.4207763671875,0.04290338233113289,0.5696117281913757,-0.10772354155778885,-15.892313003540039,72.69944763183594,14.205860137939453,-0.18047264218330383,84.37191009521484,84.42381286621094,1.6959367990493774,27.83814239501953,27.83814239501953,14.387774467468262,0.06519589573144913,-0.06519589573144913,1.8001055717468262,2.2941184043884277,0.05252750217914581,1.6830512285232544,37.137210845947266
